"Keyword","Avg. Search Volume (Last Known Values)","Avg. Search Volume (Last 12 months)","Avg. Search Volume (Last 6 months)","Avg. Search Volume (Last 3 months)","Location","CPC/USD","PPC","Keyword Difficulty","Keyword interest growth (%)","Content Type","Search Intent","Keyword Opportunities","Serp Features","Search Volume 5/2015","Search Volume 6/2015","Search Volume 7/2015","Search Volume 8/2015","Search Volume 9/2015","Search Volume 10/2015","Search Volume 11/2015","Search Volume 12/2015","Search Volume 1/2016","Search Volume 2/2016","Search Volume 3/2016","Search Volume 4/2016","Search Volume 5/2016","Search Volume 6/2016","Search Volume 7/2016","Search Volume 8/2016","Search Volume 9/2016","Search Volume 10/2016","Search Volume 11/2016","Search Volume 12/2016","Search Volume 1/2017","Search Volume 2/2017","Search Volume 3/2017","Search Volume 4/2017","Search Volume 5/2017","Search Volume 6/2017","Search Volume 7/2017","Search Volume 8/2017","Search Volume 9/2017","Search Volume 10/2017","Search Volume 11/2017","Search Volume 12/2017","Search Volume 1/2018","Search Volume 2/2018","Search Volume 3/2018","Search Volume 4/2018","Search Volume 5/2018","Search Volume 6/2018","Search Volume 7/2018","Search Volume 8/2018","Search Volume 9/2018","Search Volume 10/2018","Search Volume 11/2018","Search Volume 12/2018","Search Volume 1/2019","Search Volume 2/2019","Search Volume 3/2019","Search Volume 4/2019","Search Volume 5/2019","Search Volume 6/2019","Search Volume 7/2019","Search Volume 8/2019","Search Volume 9/2019","Search Volume 10/2019","Search Volume 11/2019","Search Volume 12/2019","Search Volume 1/2020","Search Volume 2/2020","Search Volume 3/2020","Search Volume 4/2020","Search Volume 5/2020","Search Volume 6/2020","Search Volume 7/2020","Search Volume 8/2020","Search Volume 9/2020","Search Volume 10/2020","Search Volume 11/2020","Search Volume 12/2020","Search Volume 1/2021","Search Volume 2/2021","Search Volume 3/2021","Search Volume 4/2021","Search Volume 5/2021","Search Volume 6/2021","Search Volume 7/2021","Search Volume 8/2021","Search Volume 9/2021","Search Volume 10/2021","Search Volume 11/2021","Search Volume 12/2021","Search Volume 1/2022","Search Volume 2/2022","Search Volume 3/2022","Search Volume 4/2022","Search Volume 5/2022","Search Volume 6/2022","Search Volume 7/2022","Search Volume 8/2022","Search Volume 9/2022","Search Volume 10/2022","Search Volume 11/2022","Search Volume 12/2022","Search Volume 1/2023","Search Volume 2/2023","Search Volume 3/2023","Search Volume 4/2023","Search Volume 5/2023","Search Volume 6/2023","Search Volume 7/2023","Search Volume 8/2023","Search Volume 9/2023","Search Volume 10/2023","Search Volume 11/2023","Search Volume 12/2023","Search Volume 1/2024","Search Volume 2/2024","Search Volume 3/2024","Search Volume 4/2024","Search Volume 5/2024","Search Volume 6/2024","Search Volume 7/2024","Search Volume 8/2024","Search Volume 9/2024","Search Volume 10/2024","Search Volume 11/2024","Search Volume 12/2024","Search Volume 1/2025","Search Volume 2/2025","Search Volume 3/2025","Search Volume 4/2025","Search Volume 5/2025","Search Volume 6/2025","Search Volume 7/2025","Search Volume 8/2025","Search Volume 9/2025","Search Volume 10/2025","Search Volume 11/2025","Search Volume 12/2025","Search Volume 1/2026","Search Volume 2/2026","Search Volume 3/2026"
"ai coding agent",3000,3500,5100,8700,"United States","13.60",7,45,1236,"LISTICLES, REDDIT, CORPORATE_BLOG_POSTS, HOMEPAGES","","Missing words in title","AI Overview","","","","","","","","","","","","","","","","","","","","","","","","","","","","","","","","","","","","","","","","","","","","","","","","","","","","","","","","","","","","","","","","","","","","","","","","","","","","","","","","","","","",0,0,0,0,0,0,0,0,0,0,0,0,0,0,0,0,0,0,10,10,10,20,40,210,140,90,90,90,140,170,210,260,260,390,590,720,720,1300,1300,1600,1000,1600,3600,3600,1900,2900,5400,12100
"powerpoint design",2700,2500,2600,2600,"United States","1.99",16,44,-34,"HOMEPAGES, DOCUMENTATION","","Missing words in title","AI Overview, People Also Ask","","","","","","","","","","","","","","","","","","","","","","","","","","","","","","","","","","","","","","","","","","","","","","","","","","","","","4400","5400","4400","3600","4400","5400","4400","5400","4400","3600","3600","3600","4400","4400","4400","3600","3600","4400","4400","4400","3600","2900","2900","2900","3600","4400","4400","3600","3600","3600","4400",4400,3600,2900,2900,3600,4400,4400,4400,3600,3600,4400,5400,5400,4400,2900,2900,3600,3600,4400,4400,3600,3600,3600,3600,5400,3600,2400,2400,2900,3600,3600,3600,2900,2900,3600,4400,4400,3600,2400,1900,2400,2900,2900,2900,2400,2400,2400,2900
"amazon vine reviewer",1800,1700,1400,1100,"United States","1.81",2,31,-58,"PRODUCT, REDDIT, QUORA, FORUM","","Missing words in title","","","","","","","","","","","","","","","","","","","","","","","","","","","","","","","","","","","","","","","","","","","","","","","","","","","","","","","","","","","","","","","","","","","","","","","","","","","","210","390","320","260","390","260","480","320","590",480,390,320,720,590,1000,1900,880,880,880,480,590,590,480,590,880,880,880,880,720,590,720,720,590,880,880,1600,2900,1000,1000,1900,3600,1600,1300,1900,3600,2400,1900,1900,1900,2400,2400,1600,1600,1900,1600,1000,1300
"ai infographic generator",1700,1500,1500,1700,"United States","4.86",50,37,-40,"TOOLS, REDDIT, HOMEPAGES","","Missing words in title","","","","","","","","","","","","","","","","","","","","","","","","","","","","","","","","","","","","","","","","","","","","","","","","","","","","","","","","","","","","","","","","","","","","","0","0","10","10","10","10","10","10","10","10","10","10","10","10","10","10",20,20,20,30,20,40,70,50,170,390,590,880,1600,1600,1300,1300,1300,1300,1600,1900,1600,1300,1900,1900,2400,1600,1600,1600,1900,1900,2400,3600,2400,2400,2900,2900,2900,2400,1600,1300,1300,1600,1600,1600,1600,1000,1600,1900
"ai code review",1200,1200,1200,1600,"United States","13.46",50,42,23,"LISTICLES, REDDIT, REVIEWS, HOMEPAGES, TOOLS","","","AI Overview, People Also Ask","","","","","","","","","","","","","","","","","","","","","","","","","","","","","","","","","","","","","","","","","","","","","","","","","","","","","","","","","","","","","","","","","","","","","","","","30","30","40","40","20","40","20","20","20","40","30","90",50,50,70,50,50,50,50,70,170,390,390,390,480,590,390,590,480,480,720,480,480,720,590,720,720,720,590,590,720,720,880,880,880,1000,1300,1300,1300,1600,1300,1300,1300,1300,1000,880,1000,1300,1300,1900
"code review ai",1200,1200,1200,1600,"United States","13.46",50,41,23,"LISTICLES, TOOLS, REDDIT, HOMEPAGES","","","AI Overview","","","","","","","","","","","","","","","","","","","","","","","","","","","","","","","","","","","","","","","","","","","","","","","","","","","","","","","","","10","10","10","10","10","10","10","10","10","10","10","10","10","10","10","30","30","40","40","20","40","20","20","20","40","30","90",50,50,70,50,50,50,50,70,170,390,390,390,480,590,390,590,480,480,720,480,480,720,590,720,720,720,590,590,720,720,880,880,880,1000,1300,1300,1300,1600,1300,1300,1300,1300,1000,880,1000,1300,1300,1900
"product placement definition",980,890,960,880,"United States","",0,36,10,"GLOSSARIES, LISTICLES, PRODUCT","","Missing words in title","","","","","","","","","","","","","","","","","","","","","","","","","","","","","","","","","","","","","","","","","","","","","","","","","","","","","","","","","","","","","","","","","","","","","","","","","","","","","","","","","","","","",1300,1000,480,480,590,880,1300,1600,1600,1000,1000,1000,1300,880,480,390,480,880,880,1000,880,720,880,880,1000,880,390,390,480,590,720,720,880,720,720,880,1600,1300,590,480,720,1000,1300,1300,880,880,880,880
"amazon vine program reviews",630,650,800,1000,"United States","",0,,160,"","","","","","","","","","","","","","","","","","","","","","","","","","","","","","","","","","","","","","","","","","","","","","","","","","","","","","","","","","","","","","","","10","20","20","40","40","30","260","20","10","20","10","30","20","10","10","20","20","30","20","20","30","20","10","30",20,20,20,50,40,40,140,50,70,70,30,40,40,50,50,70,70,90,70,90,70,50,50,50,70,70,70,70,90,50,110,140,140,210,210,590,320,720,880,720,320,140,480,210,720,1000,480,1600
"amazon vine review program",630,650,800,1000,"United States","",0,31,160,"PRODUCT, REDDIT, QUORA","","Missing words in title","","","","","","","","40","20","40","30","40","40","70","30","20","30","40","50","30","20","","","","","","","","","","","","20","20","20","30","20","10","30","20","20","20","10","20","20","30","30","10","30","20","10","20","10","10","20","20","20","20","20","10","10","20","20","40","40","30","260","20","10","20","10","30","20","10","10","20","20","30","20","20","30","20","10","30",20,20,20,50,40,40,140,50,70,70,30,40,40,50,50,70,70,90,70,90,70,50,50,50,70,70,70,70,90,50,110,140,140,210,210,590,320,720,880,720,320,140,480,210,720,1000,480,1600
"professional powerpoint",470,440,430,390,"United States","4.11",22,54,-40,"HOMEPAGES, LISTICLES","","","","","","","","","","","","","","","","","","","","","","","","","","","","","","","","","","","","","","","","","","","","","","","","","","","","","","","","","","","","","","","","","","","","","","1000","880","720","880","1000","1300","880","720","720","720","720","880","1000","720","720","880","880",1000,720,590,720,720,720,880,1000,720,590,880,720,1000,590,590,590,590,590,880,720,590,590,720,720,880,590,480,480,590,590,720,720,480,590,590,720,720,480,390,320,390,590,590,590,480,320,390,390
"ai agent for marketing",420,430,510,600,"United States","19.99",20,41,107,"REDDIT, GUIDES","","Missing words in title","","","","","","","","","","","","","","","","","","","","","","","","","","","","","","","","","","","","","","","","","","","","","","","","","","","","","","","","","","","","","","","","","","","","","","","","","","","0","0","0","0","0","0","0","0","0","0",0,0,0,0,0,0,0,0,0,0,0,0,0,0,0,0,0,0,0,0,10,10,10,20,20,10,30,30,40,50,110,110,210,320,260,320,320,480,390,320,320,480,260,260,210,880,480,720
"consultant skills",350,330,280,290,"United States","3.46",3,20,-51,"CORPORATE_BLOG_POSTS","","Missing words in title","Featured Snippet","","","","","","","","","","","","","","","","","","","","","","","","","","","","","","","","","","","","","","","","","","","","","","","","","","","","","","","","","","","","","","","","","","","","","","","","","","","","","","","","","1000","1000","1000",880,880,720,880,1000,1600,1300,1000,720,1300,1000,880,880,880,880,720,880,1000,880,720,590,880,880,720,720,590,590,720,720,880,720,590,480,720,590,590,480,390,320,260,320,720,320,260,170,390,320,260
"business coaching programs",320,280,220,300,"United States","8.72",16,37,-39,"HOMEPAGES, REDDIT, LISTICLES","","Missing words in title","Map Pack, People Also Ask","","","","","","","","","","","","","","","","","","","","","","","","","","","","","","","","","","","","","","","","","","","","","","","","","","","","","","","","","","","","","","","","","","","","","","","260","260","260","260","210","170","170","170","170","260","260","260","260",260,260,170,210,260,210,170,170,170,210,170,210,260,260,320,320,480,390,590,480,480,1000,590,880,1600,260,260,390,260,320,390,590,480,720,390,590,480,590,390,210,390,480,210,140,170,210,210,390
"best crm for financial advisors",300,270,230,280,"United States","40.78",14,33,-43,"HOMEPAGES, REDDIT, LISTICLES, GUIDES","","Missing words in title","AI Overview, People Also Ask","","","","","","","","","","","","","","","","","","","","","","","","","","","","","","","","","","","","","","","","","","","","","","","","","","","","","","","","","","","","","","","","","","","","","","","90","90","90","90","110","390","390","140","140","110","170","140","140",140,110,170,140,260,210,140,110,170,170,170,260,320,260,170,170,210,260,210,210,140,170,170,170,210,170,210,880,720,1300,720,320,320,590,390,590,480,480,480,210,170,390,320,210,170,210,170,390
"shipping amazon fba",300,170,50,80,"United States","13.66",6,26,-92,"PRODUCT, GUIDES, LISTICLES","","Missing words in title","","","","","","","","","","","","","","","","","","","","","","","","","","","","","","","","","","","","","","","","","","","","","","","","","","","","","","","","","","","","","","","","","","","","","","","","","","","","","","","","","","","","",210,260,260,260,260,260,320,260,260,260,260,320,210,260,210,260,320,260,140,170,170,170,170,110,260,170,110,140,140,140,170,260,260,260,720,1300,1000,880,720,320,170,210,40,50,30,40,30,140
"media placements",280,250,200,240,"United States","11.52",7,15,-31,"HOMEPAGES, MEDIA_BLOGS","","Missing words in title","Featured Snippet","","","","","","","","","","","","","","","","","","","","","","","","","","","","","","","","","","","","","","","","","","","","","","","","","","","","","","","","","","","","","","","","","","","","","","","","","","","","","","","","","","","",390,320,320,320,390,320,390,320,210,320,320,320,320,210,260,260,260,260,390,320,260,390,320,320,320,320,320,260,260,260,320,390,390,390,320,390,390,390,210,320,590,210,210,170,210,170,170,320
"vine reviews amazon",250,260,260,210,"United States","2.68",2,,24,"","","","","","","","","","","","","","","","","","","","","","","","","","","","","","","","","","","","","","","","","","","","","","","","","","","","","","","","","","","","","","","","","","","","","","","","","","","","","","","","","","","","","","","",70,70,90,90,90,110,170,170,260,170,110,140,140,210,210,320,260,320,320,320,260,320,260,260,320,320,320,390,320,320,390,260,210,210,170,170,140,210,260,210,260,320,320,320,260,320,210,210
"powerpoint template consulting",250,240,240,260,"United States","5.21",43,,-27,"","","","","","","","","","","","","","","","","","","","","","","","","","","","","","","","","","","","","","","","","","","","","","","","","","","","","","","","","","","","","","","","","","","","","","","","","","","","","","","","","","","","","","","",390,210,260,320,390,390,480,590,320,320,390,480,480,260,260,260,260,320,480,390,260,260,390,390,390,260,260,260,260,320,390,390,260,320,390,320,390,260,210,210,210,260,320,320,170,210,260,260
"powerpoint templates consulting",250,240,240,260,"United States","5.21",43,,-27,"","","","","","","","","","","","","","","","","","","","","","","","","","","","","","","","","","","","","","","","","","90","140","110","140","210","210","170","170","210","210","260","140","210","210","260","260","260","260","10","10","10","10","10","10","10","10","10","210","260","260","210","210","320","260","320","210","210","260","170","260","320","320","210","320","390","320",390,210,260,320,390,390,480,590,320,320,390,480,480,260,260,260,260,320,480,390,260,260,390,390,390,260,260,260,260,320,390,390,260,320,390,320,390,260,210,210,210,260,320,320,170,210,260,260
"get amazon reviews",230,190,140,150,"United States","8.91",34,33,-48,"PRODUCT, REDDIT, GUIDES","","Missing words in title","Knowledge Graph, AI Overview, People Also Ask","140","140","170","170","210","320","210","260","320","320","320","320","480","320","320","390","480","480","390","390","480","480","480","480","390","390","480","480","480","480","480","480","590","590","590","590","590","480","590","590","480","590","480","480","480","320","390","320","390","390","390","320","320","320","320","320","390","320","260","260","320","320","390","390","390","390","320","320","320","320","320","260","320","320","260","260","210","260","260","210","260","320","260",210,210,210,260,320,260,210,210,170,260,260,320,320,320,260,260,260,260,260,260,260,320,260,320,390,390,260,260,210,320,320,390,390,390,260,320,480,320,210,210,210,390,210,210,110,110,90,210
"amazon vine customer review",220,220,210,210,"United States","",1,,-9,"","","","","","","","","","","","","","","","","","","","","","","","","","","","","","","","","","","","","","","","","","","","","","","","","","","0","0","0","0","0","0","0","0","0","10","10","0","10","10","10","10","10","10","10","10","10","0","10","10","10","10","10","10","10","10","10","10","10","10","20","10","10",10,10,10,10,10,10,20,30,20,10,10,10,10,10,10,10,20,10,20,10,20,20,10,20,20,30,20,20,20,20,90,320,320,320,210,260,170,260,260,260,210,210,210,210,210,210,170,260
"amazon fba shipping cost",190,160,120,180,"United States","3.37",6,31,-48,"PRODUCT, GUIDES, CORPORATE_BLOG_POSTS","","Missing words in title","","","","","","","","","","","","","","","","","","","","","","","","","","","","","","","","","","","","","","","","","","","","","","","","","","","","","","","","","","","","","","","","","","","","","","","","","","","","","","","","","","","","",320,260,210,260,320,320,320,320,320,320,260,320,260,260,260,260,260,260,260,260,210,260,210,320,390,320,260,260,210,260,390,480,390,390,320,390,320,390,260,170,170,210,170,90,90,90,110,260
"code ai agents",150,150,130,170,"United States","13.03",69,,10,"","","","","","","","","","","","","","","","","","","","","","","","","","","","","","","","","","","","","","","","","","","","","","","","","","","","","","","","","","","","","","","","","","","","","","","","","","","","","","","","","","","","","","","",0,0,0,0,0,0,0,0,0,0,0,0,0,0,0,0,0,0,0,0,0,0,0,0,0,0,0,20,20,30,30,30,50,140,140,170,140,210,170,210,170,140,170,140,90,110,170,170
"amazon vine product reviews",150,120,70,90,"United States","",0,,-31,"","","","","","","","","","","","","","","","","","","","","","","","","","","","","","","","","","","","","","","","","","","","","","","","","","","","","","","","","","","","","","","","","","","","","","","","","","","","","","","","","","","","","","","",0,0,0,0,0,0,0,0,0,0,0,0,0,0,0,0,0,0,0,0,0,0,0,0,0,0,0,0,20,20,20,10,10,40,50,210,260,320,320,210,110,110,90,70,50,90,110,70
"best platform to sell online courses",130,120,90,120,"United States","14.77",25,39,-31,"LISTICLES, REDDIT, HOMEPAGES, QUORA","","Missing words in title","AI Overview, People Also Ask","","","","","","","","","","","","","","","","","","","","","","","","","","","","","","","","","","","","","","","","","","","","","","","","","","","","","","","","","","","","","","","","","","","70","70","70","50","70","50","70","70","70","90","90","70","110","110","140","110","140",110,140,140,90,110,90,140,110,140,140,90,140,110,110,140,140,140,140,140,140,140,210,210,210,210,260,480,390,140,110,110,140,110,210,140,210,170,140,170,170,90,260,110,70,70,90,70,170
"ai agent coding",130,120,110,140,"United States","12.95",59,31,-10,"MEDIUM_ARTICLES, LISTICLES, HOMEPAGES, REDDIT","","Missing words in title","AI Overview","","","","","","","","","","","","","","","","","","","","","","","","","","","","","","","","","","","","","","","","","","","","","","","","","","","","","","","","","","","","","","","","","","","","","","","","","","0","0","0","0","0","0","0","0","0","0",0,0,0,0,0,0,0,0,0,0,0,0,0,0,0,0,0,0,0,0,0,0,0,0,0,0,0,10,20,50,70,40,70,170,140,170,140,210,140,170,140,110,140,110,70,110,140,140
"ai agents for project management",120,120,110,150,"United States","22.81",38,25,158,"LISTICLES, LINKEDIN_ARTICLES, CORPORATE_BLOG_POSTS","","Missing words in title","","","","","","","","","","","","","","","","","","","","","","","","","","","","","","","","","","","","","","","","","","","","","","","","","","","","","","","","","","","","","","","","","","","","","","","","","","","","","","","","","","","","",0,0,0,0,0,0,0,0,0,0,0,0,0,0,0,0,0,0,0,0,0,0,0,0,0,0,0,0,0,10,10,10,30,70,50,70,110,110,90,110,110,260,90,110,70,70,140,170
"best coding ai agent",100,110,120,150,"United States","13.52",71,,210,"","","","","","","","","","","","","","","","","","","","","","","","","","","","","","","","","","","","","","","","","","","","","","","","","","","","","","","","","","","","","","","","","","","","","","","","","","","","","","","","","","","","","","","",0,0,0,0,0,0,0,0,0,0,0,0,0,0,0,0,0,0,0,0,0,0,0,0,0,0,0,0,0,0,10,10,10,40,50,50,50,90,110,110,110,70,90,90,90,140,140,170
"best coaching programs",90,80,80,100,"United States","8.82",52,,-47,"","","","","","","","","","","","","","","","","","","","","","","","","","","","","","","","","","","","","","","","","","","","","","","","","","","","","","","","","","","","","","","","","","","","","","","170","140","170","170","170","140","110","90","110","110","170","140","140","170","170","140","170",170,170,140,140,170,140,140,210,260,390,170,210,260,320,320,320,320,210,210,260,260,320,210,260,170,170,140,110,110,110,110,170,140,210,170,210,210,110,90,70,140,70,70,70,70,70,90,110
"powerpoint presentation design tips",90,90,70,100,"United States","",1,33,43,"LISTICLES, CORPORATE_BLOG_POSTS, REDDIT","","Missing words in title","","","","","","30","40","40","30","50","40","70","70","50","40","40","50","50","110","140","110","170","140","140","170","140","90","90","110","90","90","110","70","110","90","90","140","110","70","90","70","70","90","70","40","50","70","90","70","70","50","70","70","90","90","70","50","70","70","50","70","50","50","40","50","40","30","50","30","40","70","50","70","50","40","40","40","70","50","70","20","30","70","50",50,30,20,30,50,30,30,30,30,50,40,40,50,40,30,40,70,50,50,50,40,30,70,70,50,320,40,20,40,40,50,70,50,70,50,90,70,110,210,170,90,70,70,70,40,40,90,110
"powerpoint design tips",90,80,70,90,"United States","",3,33,-25,"LISTICLES, CORPORATE_BLOG_POSTS, REDDIT","","Missing words in title","","","","","","","","","","","","","","","","","","","","","","","","","","","","","","","","","","","","","","","","","","","","","","","","","","","","","","","","","","","","","","","","","","","","110","110","90","140","110","140","90","110","110","90","110","110","110","70","110","110","140",140,110,140,110,110,140,170,140,90,210,260,320,170,210,170,170,170,210,260,210,140,170,210,210,170,260,140,110,140,110,170,110,90,110,70,170,140,110,90,110,70,140,110,50,70,70,70,110
"ai agent for productivity",80,90,90,160,"United States","10.90",7,,540,"","","","","","","","","","","","","","","","","","","","","","","","","","","","","","","","","","","","","","","","","","","","","","","","","","","","","","","","","","","","","","","","","","","","","","","","","","","","","","","","","","","","","","","",0,0,0,0,0,0,0,0,0,0,0,0,0,0,0,0,0,0,0,0,0,0,0,0,0,0,0,0,0,0,0,0,0,10,10,40,70,30,50,210,50,140,40,40,40,50,110,210
"cold email marketing services",70,70,50,70,"United States","30.44",8,37,17,"LISTICLES","","Missing words in title","","","","","","","","","","","","","","","","","","","","","","","","","","","","","","","","","","","","","","","","","","","","","","","","","","","","","","","","","","","","","","","","","","","","","","","","40","30","30","40","40","40","50","30","50","30","70","90","50",50,50,50,50,50,40,50,50,40,50,70,70,40,50,30,40,110,70,110,90,50,70,40,30,10,40,30,70,40,30,30,20,30,70,50,70,140,90,70,40,50,210,50,30,50,70,70,70
"social media product placement",50,50,50,40,"United States","",0,,-36,"","","","","","","","","","","10","10","10","10","10","10","10","10","10","10","10","10","","","","","","","","","","","","","","","","","","","","","","","","","","","","20","30","30","20","10","20","20","20","50","30","20","50","","","","","","","","","","","","","","","","","10","20","20","30","40","30","20","30","40","40",40,20,10,30,20,50,40,40,30,30,70,40,40,30,10,20,20,110,50,40,30,40,30,30,50,30,20,30,30,30,140,70,50,90,70,70,50,70,50,50,50,70,50,50,70,40,50,40
"best executive coaching programs",50,50,50,60,"United States","11.52",56,45,0,"QUORA, HOMEPAGES, MEDIA_BLOGS","","Missing words in title","","","","","","","","","","","","","","","","","","","","","","","","","","","","","","","","","","","","","","","","","","","","","","","","","","","","","","","","","","","","","","","","","","","","","","","50","70","50","50","40","70","70","90","90","90","90","90","70","70",90,90,50,70,90,70,90,90,70,70,90,110,90,110,70,70,110,110,70,70,70,90,70,90,70,70,110,110,90,70,70,70,70,70,50,70,70,70,70,40,40,70,50,70,40,40,50,70
"amazon logistics tba tracking",40,40,40,30,"United States","",3,,17,"","","","","","","","","","","","","","","","","","","","","","","","","","","","","","","","","","","","","","","","","","","","","","","","","","","","","","","","","","","","","10","10","10","10","10","20","20","20","30","20","20","30","20","20","20","10","20","20","30","40","30","40","30","50","40","30","40",40,40,40,50,40,50,50,40,70,70,40,70,110,70,50,30,40,50,70,90,70,70,70,50,70,70,70,70,50,50,30,10,30,40,20,40,70,70,50,50,40,40,40,30,70,30,30,40
"cold email marketing tools",40,40,40,50,"United States","33.78",12,45,11,"REDDIT, LISTICLES, HOMEPAGES","","Missing words in title","","","","","","","","","","","","","","","","","","","","","","","","","","","","","","","","","","","","","","","","","","","","","","","","","","","","","","","","","10","10","10","10","0","10","10","10","10","10","10","10","10","10","10","10","10","10","10","10","10","10","10","10","10","10","10","10",10,10,20,10,10,10,10,10,10,20,10,20,20,30,30,10,10,10,10,10,10,10,20,20,20,30,20,20,20,30,20,20,40,50,40,50,70,50,70,30,40,40,50,30,20,70,30,70
"cold email deliverability",40,40,50,90,"United States","10.98",6,17,50,"REDDIT, GUIDES, CORPORATE_BLOG_POSTS, LISTICLES","","","AI Overview","","","","","","","","","","","","","","","","","","","","","","","","","","","","","","","","","","","","","","","","","","","","","","","","","","","","","","","","","","","","","","","","","","","","","10","10","10","10","10","10","20","10","10","10","10","10","50","70","70",90,90,70,50,40,30,30,30,10,30,30,40,30,40,20,20,40,50,40,20,20,10,110,70,70,50,70,70,50,50,40,50,30,110,50,70,40,70,70,50,10,70,10,20,10,40,10,170
"certified business coaching programs",40,40,40,50,"United States","11.26",25,,-52,"","","","","","","","","","","","","","","","","","","","","","","","","","","","","","","","","","","","","","","","","","","","","","","","","","","","","","","","","","","","","","","","","","","","","","","50","40","30","30","40","30","50","70","50","40","70","50","70","40","50","50","50",70,40,50,30,40,70,50,50,40,30,30,40,20,20,20,20,20,50,50,50,40,50,40,30,50,40,50,40,40,40,50,40,50,70,90,140,90,70,70,40,40,40,40,40,20,30,40,70
"ai agent no code",30,20,20,20,"United States","11.47",60,,-64,"","","","","","","","","","","","","","","","","","","","","","","","","","","","","","","","","","","","","","","","","","","","","","","","","","","","","","","","","","","","","","","","","","","","","","","","","","","","","","0","0","0","0","0","0","0","0","0","0",0,0,0,0,0,0,0,0,0,0,0,0,0,0,0,0,0,0,0,0,0,0,0,0,0,0,0,10,10,30,10,20,30,70,70,70,50,50,50,20,30,40,20,30,10,20,30,20
"amazon shipping tracking tba",30,30,40,40,"United States","",2,,-20,"","","","","","","","","","","","","","","","","","","","","","","","","","","","","","","","","","","","","","","","","","","","","","","","","","","140","110","110","90","90","90","90","70","70","70","40","50","50","70","70","70","50","70","70","50","70","70","50","70","50","40","50","70","40","50","40","40","70","70","50","40","50",30,30,40,50,20,20,30,10,50,90,70,90,30,30,20,10,30,10,30,30,20,10,10,10,10,10,10,30,10,10,20,30,20,40,50,50,20,30,20,20,30,20,40,40,50,50,50,30
"best business coaching programs",30,20,20,20,"United States","12.11",43,25,-81,"LISTICLES, QUORA","","Missing words in title","","","","","","","","","","","","","","","","","","","","","","","","","","","","","","","","","","","","","","","","","","","","","","","","","","","","","","","","","","","","","","","","","","","","","","","","40","10","30","20","30","20","40","30","50","40","30","50","50",50,30,40,40,50,70,40,50,70,50,70,70,140,90,110,140,140,170,170,110,140,210,260,140,70,70,140,140,70,50,40,50,110,90,70,140,70,70,40,30,30,20,20,20,30,20,10,30
"bito ai code review agent",20,30,20,20,"United States","",5,,150,"","","","","","","","","","","","","","","","","","","","","","","","","","","","","","","","","","","","","","","","","","","","","","","","","","","","","","","","","","","","","","","","","","","","","","","","","","","","","","","","","","","","","","","",0,0,0,0,0,0,0,0,0,0,0,0,0,0,0,0,0,0,0,0,0,0,0,0,0,0,0,0,0,10,10,10,10,10,10,10,20,30,30,90,30,20,20,30,20,10,10,40
"dropshipping amazon fba",20,20,10,10,"United States","5.56",35,39,-87,"PRODUCT, GUIDES, LISTICLES","","Missing words in title","","","","","","","","","","","","","","","","","","","","","","","","","","","","","","","","","","","","","","","","","","","","","","","","","","","","","","","","","","","","","","","","","","","","","","","","","","","","","","","","","","","","",50,50,90,70,70,50,70,50,50,90,50,70,70,50,40,40,50,50,30,30,40,40,50,50,110,70,70,90,70,90,90,140,110,90,90,70,70,50,50,10,30,30,20,10,20,20,10,10
"dropship amazon fba",20,20,10,10,"United States","5.56",35,,-87,"","","","","","","","","","","","","","","","","","","","","","","","","","","","","","","","","","","","","","","","","","","","","","","","","","","","","","","","","","40","50","50","50","40","140","110","30","30","30","40","20","50","30","30","30","20","10","30","50","40","70","70","50","70","50","40","70","70","90",50,50,90,70,70,50,70,50,50,90,50,70,70,50,40,40,50,50,30,30,40,40,50,50,110,70,70,90,70,90,90,140,110,90,90,70,70,50,50,10,30,30,20,10,20,20,10,10
"ai agent for programming",20,30,40,30,"United States","",8,,133,"","","","","","","","","","","","","","","","","","","","","","","","","","","","","","","","","","","","","","","","","","","","","","","","","","","","","","","","","","","","","","","","","","","","","","","","","","","","","","","","","","","","","","","",0,0,0,0,0,0,0,0,0,0,0,0,0,0,0,0,0,0,0,0,0,0,0,0,0,0,0,0,0,0,0,0,0,10,10,20,10,10,20,20,10,10,10,10,10,140,50,20
"ai agents for programming",20,30,40,30,"United States","",8,,133,"","","","","","","","","","","","","","","","","","","","","","","","","","","","","","","","","","","","","","","","","","","","","","","","","","","","","","","","","","","","","","","","","","","","","","","","","","","","","","","","","","","","","","","",0,0,0,0,0,0,0,0,0,0,0,0,0,0,0,0,0,0,0,0,0,0,0,0,0,0,0,0,0,0,0,0,0,10,10,20,10,10,20,20,10,10,10,10,10,140,50,20
"best executive coaching certification",20,10,10,20,"United States","6.76",74,,-64,"","","","","","","","","","","","","","","","","","","","","","","","","","","","","","","","","","","","","","","","","","","","","","","","","","","","","","","","","","","","","70","70","70","70","50","20","40","40","30","20","10","10","10","20","10","10","10","10","10","10","10","10","10","10","10","10","50",20,20,10,30,30,20,10,10,10,20,10,10,10,10,20,20,20,10,20,20,10,20,10,10,20,20,20,20,20,20,10,20,30,20,40,70,70,40,10,20,20,20,20,20,20,10,20,20
"consulting powerpoint templates free",20,20,20,20,"United States","7.25",44,28,-43,"","","Missing words in title","","","","","","","","","","","","","","","","","","","","","","","","","","","","","","","","","","","","","20","10","10","10","10","20","20","30","20","10","20","10","","","","20","20","10","10","20","20","20","20","10","10","10","10","10","10","10","20","20","20","10","20","20","30","10","10","10","10","10","20","20","10","30","20","20",30,20,20,20,40,30,30,40,20,40,30,50,50,20,20,20,30,30,40,40,20,30,40,30,40,20,10,20,20,30,30,20,30,20,30,40,30,20,10,10,20,30,20,20,30,20,20,20
"free consulting powerpoint template",20,20,20,20,"United States","7.25",44,,-43,"","","","","","","","","","","","","","","","","","","","","","","","","","","","","","","","","","","","","","","","","","","","","","","","","","","","","","","","","","","","","","","","","","","","","","","","","","","","","","","","","","","","","","","",30,20,20,20,40,30,30,40,20,40,30,50,50,20,20,20,30,30,40,40,20,30,40,30,40,20,10,20,20,30,30,20,30,20,30,40,30,20,10,10,20,30,20,20,30,20,20,20
"free consulting powerpoint templates",20,20,20,20,"United States","7.25",44,,-43,"","","","","","","","","","","","","","","","","","","","","","","","","","","","","","","","","","","","","","","","","","","","","","","","","","","","","","","","","","","","","","","","","","","","","","","","","","","","","","","","","","","","","","","",30,20,20,20,40,30,30,40,20,40,30,50,50,20,20,20,30,30,40,40,20,30,40,30,40,20,10,20,20,30,30,20,30,20,30,40,30,20,10,10,20,30,20,20,30,20,20,20
"consultant characteristics",20,20,10,20,"United States","",0,,-50,"","","","","","","","","","","","10","10","10","10","10","10","10","10","10","10","10","10","","","","","","","","","","","","","","","","","","","","","","","","","","","50","20","40","30","30","40","40","70","50","40","30","50","30","40","20","30","30","40","30","","","","","","","","","","","","","","","","","","","",70,50,50,90,90,170,110,70,50,110,70,70,50,50,50,50,50,70,50,50,30,70,50,40,40,30,30,30,40,70,50,50,50,70,40,40,40,30,20,10,40,40,20,20,10,10,10,30
"consultant qualities",20,20,10,20,"United States","",0,,-50,"","","","","","","","","","","","10","10","10","10","10","10","10","10","10","10","20","10","10","","","","","","","","","","","","","","","","","","","","","","","","","","50","30","30","40","30","40","40","170","90","70","50","90","70","50","70","50","40","50","70","140","70","50","50","90","70","90","70","50","50","70","70","140","90","50","70","110","70","90",70,50,50,90,90,170,110,70,50,110,70,70,50,50,50,50,50,70,50,50,30,70,50,40,40,30,30,30,40,70,50,50,50,70,40,40,40,30,20,10,40,40,20,20,10,10,10,30
"small restaurant marketing strategies",10,10,10,10,"United States","4.71",22,,-82,"","","","","","","","","","","","","","","","","","","","","","","","","","","","","","10","10","10","0","10","10","10","10","10","10","10","10","10","10","10","10","10","","","","","10","10","10","10","10","10","10","10","20","10","20","10","","","","","","","","","10","10","10","20","10","10","10","10","10","10","10","10","10","10","30","10","20",30,10,20,10,10,10,10,10,20,10,10,20,10,10,10,10,10,10,10,20,70,90,110,90,110,50,50,40,50,50,170,210,140,110,70,40,20,20,10,10,10,10,10,10,10,10,10,10
"shopify ai product description",10,10,10,10,"United States","13.79",52,,-50,"","","","","","","","","","","","","","","","","","","","","","","","","","","","","","","","","","","","","","","","","","","","","","","","","","","","","","","","","","","","","","","","","","","","","","","","","","","","","","","","","","","","","","","",0,0,0,0,0,0,0,0,0,0,40,30,50,50,20,20,20,20,40,30,20,20,30,20,20,20,10,210,140,10,10,10,10,10,20,20,20,10,10,10,10,10,10,10,10,10,10,10
"programmatic seo ai",10,10,10,10,"United States","9.79",30,28,-50,"REDDIT, HOMEPAGES, GUIDES","","Missing words in title","AI Overview","","","","","","","","","","","","","","","","","","","","","","","","","","","","","","","","","","","","","","","","","","","","","","","","","","","","","","","","","","","","","","","","0","0","0","0","0","0","0","0","0","0","0","0","0","0","0","0","0","0","0","0",0,0,0,0,0,0,0,0,0,0,0,0,0,10,10,20,10,20,20,10,10,20,20,20,10,20,10,20,30,30,20,10,20,20,20,20,20,20,10,20,10,10,10,20,10,10,10,10
"ai code review online",10,10,10,10,"United States","",0,,100,"","","","","","","","","","","","","","","","","","","","","","","","","","","","","","","","","","","","","","","","","","","","","","","","","","","","","","","","","","","","","","","","","","","","","","","","","","","","","","","","","","","","","","","",0,0,0,0,0,0,0,0,0,0,0,0,0,0,0,0,0,0,0,0,0,0,0,0,0,0,0,0,0,0,10,10,10,10,0,10,10,0,10,10,10,10,10,10,0,10,10,10
"code review ai free",10,10,10,10,"United States","8.39",86,,0,"","","","","","","","","","","","","","","","","","","","","","","","","","","","","","","","","","","","","","","","","","","","","","","","","","","","","","","","","","","","","","","","","","","","","","","","","","","","","","","","","","","","","","","",0,0,0,0,0,0,0,0,0,0,0,0,0,0,0,0,0,0,0,0,0,0,0,0,0,0,0,0,10,10,10,10,0,10,10,10,10,10,10,10,10,10,10,10,10,10,10,10
"amazon vine customer review free product",10,10,10,10,"United States","",3,,-33,"","","","","","","","","","","","","","","","","","","","","","","","","","","","","","","","","","","","","","","","","","","","","","","","","","","","","","","","","","","","","","","","","","","","","","","","","","","","","","","","","","","","","","","",0,0,0,0,0,0,0,0,0,0,0,0,0,0,0,0,0,0,0,0,0,0,0,0,0,0,0,0,0,0,0,0,0,20,20,10,20,10,20,10,10,10,10,10,10,10,10,10
"amazon vine review free product",10,10,10,10,"United States","",0,,0,"","","","","","","","","","","","","","","","","","","","","","","","","","","","","","","","","","","","","","","","","","","","","","","","","","","","","","","","","","","","","","","","","","","","","","","","","","","","","","","","","","","","","","","",0,0,0,0,0,0,0,0,0,0,0,0,0,0,0,0,0,0,0,0,0,0,0,0,0,0,0,0,0,0,0,0,0,20,10,10,20,20,10,10,10,10,10,10,10,10,10,10
"cancel amazon fba shipment",10,10,10,10,"United States","",0,,0,"","","","","","","","","","","","","","","","","","","","","","","","","","","","","","","","","","","","","","","","","","","","","","","","","","","","","","","","","","","","","","","","","","","","","","","","","","","","","","","","","","","","","","","",10,10,10,10,20,10,10,10,10,10,10,10,10,10,10,10,10,10,10,10,10,10,10,10,10,10,10,10,10,10,10,10,10,10,10,10,10,10,10,10,10,10,10,10,10,10,10,10
"cold email metrics",10,10,10,10,"United States","",,32,-50,"CORPORATE_BLOG_POSTS, FORUM, GUIDES","","Missing words in title","AI Overview, People Also Ask","","","","","","","","","","","","","","","","","","","","","","","","","","","","","","","","","","","","","","","","","","","10","10","10","10","10","10","10","10","10","10","10","10","10","10","10","20","10","10","10","10","10","10","10","10","10","10","10","10","10","10","10","10","10","10","10","10","10","10","10","10","10",10,10,10,20,10,10,10,10,10,10,20,10,10,10,10,10,10,10,10,10,10,30,30,10,10,10,20,10,10,20,10,10,10,10,10,10,0,10,10,10,10,10,10,10,10,10,10,0
"cold email marketing strategy",10,10,10,10,"United States","",13,33,50,"GUIDES, CORPORATE_BLOG_POSTS, LISTICLES, PRODUCT","","Missing words in title","","","","","","","","","","","","","","","","","","","","","","","","","","","","","","","","","","","","","","","","","","","","","","","","","","","","","","","","","0","0","0","0","0","0","0","10","10","10","10","10","10","10","10","10","10","10","10","10","10","10","10","10","10","10","10","10",10,10,10,10,10,10,10,10,10,10,20,10,10,10,10,10,10,30,20,10,10,10,10,10,10,10,10,10,10,10,10,10,10,10,10,10,10,10,10,10,10,10,10,10,10,10,10,20
"ai agent project management",10,10,10,20,"United States","22.10",50,,25,"","","","","","","","","","","","","","","","","","","","","","","","","","","","","","","","","","","","","","","","","","","","","","","","","","","","","","","","","","","","","","","","","","","","","","","","","","","","","","","","","","","","","","","",0,0,0,0,0,0,0,0,0,0,0,0,0,0,0,0,0,0,0,0,0,0,0,0,0,0,0,0,0,0,0,0,0,30,20,20,10,20,20,20,10,10,10,10,10,10,20,30
"ai agent presentation",10,10,10,10,"United States","9.13",56,,-50,"","","","","","","","","","","","","","","","","","","","","","","","","","","","","","","","","","","","","","","","","","","","","","","","","","","","","","","","","","","","","","","","","","","","","","","","","","","","","","","","","","","","","","","",0,0,0,0,0,0,0,0,0,0,0,0,0,0,0,0,0,0,0,0,0,0,0,0,0,0,0,0,0,0,10,10,10,20,20,20,20,10,30,10,20,20,30,10,10,10,10,10
"ai agent procurement",10,10,10,10,"United States","11.71",51,,50,"","","","","","","","","","","","","","","","","","","","","","","","","","","","","","","","","","","","","","","","","","","","","","","","","","","","","","","","","","","","","","","","","","","","","","","","","","","","","","","","","","","","","","","",0,0,0,0,0,0,0,0,0,0,0,0,0,0,0,0,0,0,0,0,0,0,0,0,0,0,0,0,0,0,0,0,0,0,10,10,20,20,20,10,10,10,10,10,10,10,20,10
"ai agent for product manager",10,10,10,10,"United States","10.83",67,,100,"","","","","","","","","","","","","","","","","","","","","","","","","","","","","","","","","","","","","","","","","","","","","","","","","","","","","","","","","","","","","","","","","","","","","","","","","","","","","","","","","","","","","","","",0,0,0,0,0,0,0,0,0,0,0,0,0,0,0,0,0,0,0,0,0,0,0,0,0,0,0,0,0,0,0,0,0,0,0,10,10,0,10,10,10,10,10,10,10,10,10,10
"product placement in media",10,10,10,10,"United States","",10,,-25,"","","","","","","","","","","10","10","10","10","10","20","10","10","10","10","10","20","10","10","20","10","10","20","20","10","10","10","10","30","20","10","10","20","10","10","","","","","","","20","10","20","10","20","20","10","10","10","10","20","40","10","10","10","20","20","20","20","10","10","10","10","20","20","20","10","30","20","30","10","10","10","10","10","20","30","20","10","20","20",30,10,10,10,10,20,20,30,20,20,20,30,20,10,10,10,10,20,20,10,20,10,20,20,20,10,10,10,10,10,20,20,10,10,20,20,10,10,10,10,10,10,30,10,20,10,10,20
"social media marketing placement",10,10,10,,"United States","",,,-100,"","","","","","","","","","","","","","","","","","","","","","","","","","","","","","","","","","","","","","","","","","","","","","","","","","","","","","","","","","","","","","0","0","10","0","10","10","0","0","10","0","10","10","0","10","0","0","0","0","10","10","10","10","0","0","0","10",10,0,0,10,0,0,0,0,10,0,10,10,0,0,10,0,0,0,0,0,0,10,10,0,0,0,0,10,0,0,0,0,10,0,10,10,0,0,0,10,0,10,0,0,10,0,0,0
"best business coaching certification",10,20,10,10,"United States","",1,,50,"","","","","","","","","","","","","","","","","","","","","","","","","","","","","","","","","","","","","","","","","","","","","","","","","","","","","","","","","","","","","","","","","","","30","50","30","50","30","20","30","20","30","40","40","30","","","","","","","","","",10,20,20,10,10,10,10,10,10,10,10,20,10,20,30,10,10,10,10,10,10,10,10,10,10,20,10,10,10,10,10,10,10,10,10,10,10,10,10,10,10,70,30,10,10,10,0,30
"best online business coaching",10,10,10,10,"United States","7.60",64,31,-60,"REDDIT, HOMEPAGES, LISTICLES","","Missing words in title","AI Overview","","","","","","","","","","","","","","","","0","0","0","0","10","10","10","10","0","0","0","10","0","0","0","0","","","","","","","","","","","","","","","","10","10","10","10","10","10","10","10","10","10","30","30","10","10","20","10","20","10","20","10","10","10","20","10","30","10","10","10","10","10","10","20","10","10","20","10","10",10,10,10,10,10,10,10,10,10,20,10,10,20,20,10,10,10,10,20,10,10,20,10,10,10,10,10,10,10,20,10,10,20,20,20,30,10,10,10,10,10,10,10,10,10,10,10,10
"best executive coaching training",10,10,10,10,"United States","",,,-50,"","","","","","","","","","","","","","","","","","","","","","","","","","","","","","","","","","","","","","","","","","","","","","","","","","","10","10","10","10","10","10","10","10","10","10","10","10","10","10","10","10","10","10","10","10","10","0","10","10","10","10","10","10","30","30","40","30","30","50","20","10","10",10,10,10,10,10,10,10,0,10,10,10,10,10,10,10,0,10,10,10,10,10,10,10,10,10,10,10,10,10,10,10,10,10,10,10,10,10,10,10,10,10,0,0,10,0,0,10,0
"small business coaching programs",10,10,10,10,"United States","",0,,-60,"","","","","","","","","","","","","","","","","","","","","","","","","","","","","10","10","10","30","10","10","10","10","10","10","10","10","","","","","","","","0","10","10","10","10","10","10","10","10","10","10","10","10","10","10","10","10","10","10","10","10","10","10","10","10","10","10","10","10","10","10","10","40","10","10","10","10","10","10","10",10,10,10,20,10,10,10,10,10,10,10,10,10,10,10,20,10,10,10,10,20,10,10,20,10,10,10,10,10,10,10,10,20,40,20,30,40,20,20,10,30,20,10,10,10,10,10,10
"best scheduling app for coaches",10,10,10,20,"United States","",2,14,0,"LISTICLES, REDDIT","","Missing words in title","AI Overview, People Also Ask","","","","","","","","","","","","","","","","","","","","","","","","","","","","","","","","","","","","","","","","","","","","","","","","","0","0","0","0","0","0","0","0","0","0","0","0","0","0","0","0","0","0","0","0","0","10","10","10","10","10","10","10","10","20","10","10","10","10","20",20,10,10,20,20,20,10,10,20,20,20,20,20,20,10,20,20,20,10,20,10,20,10,20,10,10,20,20,20,10,20,20,20,20,20,30,30,30,20,10,20,20,10,10,10,10,10,40
"best scheduling software for coaches",10,10,10,10,"United States","",0,33,0,"LISTICLES, REDDIT","","Missing words in title","AI Overview, People Also Ask","","","","","","","","","","","","","","","","","","","","","","","","","","","","","","","","","","","","","","","","","","","","","","","","","","","","","10","10","10","10","10","10","10","10","10","10","10","10","10","10","10","10","10","10","10","10","10","10","10","10","10","10","10","0","10","0","10",10,10,10,10,10,10,10,10,10,10,10,10,10,10,10,10,10,20,10,10,10,10,10,10,10,10,10,10,10,10,10,10,10,10,10,10,10,20,10,10,10,10,10,10,0,10,10,10
"free scheduling software for coaches",10,10,10,10,"United States","",0,,0,"","","","","","","","","","","","","","","","","","","","","","","","","","","","","","","","","","","","","","","","","","","","","","","","","","","","","0","0","0","0","0","0","0","0","0","0","0","0","0","0","0","0","0","0","0","0","0","10","10","0","0","0","0","10","0","0","0","10","10","10","0",10,10,10,10,10,10,10,10,10,10,0,10,10,0,0,0,0,10,0,10,0,10,10,0,10,0,0,10,10,0,10,10,10,10,10,10,10,10,10,0,10,10,0,0,10,10,10,10
"management consulting powerpoint templates",10,10,10,10,"United States","13.17",94,,-33,"","","","","","","","","","","","","","","","","","","","","","","","10","10","10","10","10","10","10","10","10","10","10","10","","","","","10","10","10","10","10","10","10","10","10","10","10","10","10","0","10","10","10","10","10","10","10","10","10","10","10","10","10","10","40","20","20","40","10","30","30","20","30","20","20","20","10","20","10","10","20","10","20","40",20,20,20,10,20,20,20,20,20,20,10,30,20,30,10,20,10,20,30,10,20,30,10,10,20,10,10,10,10,20,20,10,20,10,20,10,10,10,10,10,10,20,10,20,10,10,10,10
"consultant traits",10,10,10,10,"United States","",0,,0,"","","","","","","","","","","","","","","","","","","","","","","","","","","","","","","","","","","","","","","","","","","","","","","","","","","","","","","","","","","","","","","","","","","","","","","","","","","","","","","","","","","","","","","",20,10,10,20,30,30,20,20,20,20,10,10,20,20,10,10,10,20,10,10,10,10,10,10,10,10,10,10,10,10,10,10,10,10,10,10,10,10,10,10,10,10,10,0,0,10,10,10
"consultant job skills",10,10,10,10,"United States","",0,,-33,"","","","","","","","","","","","","","","","","","","","","","","","","","","","","","","","","","","","","","","","","","","","","","","","","","","","","","","","","","0","0","0","0","0","0","0","0","0","0","0","0","","","","","","","","","","","","","","","","","","",10,10,10,10,10,30,20,20,10,20,10,10,10,10,10,10,10,10,10,10,10,10,10,10,10,10,10,10,10,10,10,10,10,10,10,20,10,10,10,10,10,10,10,10,10,10,10,10
"ai agent for product owner",0,10,10,10,"United States","",86,,100,"","","","","","","","","","","","","","","","","","","","","","","","","","","","","","","","","","","","","","","","","","","","","","","","","","","","","","","","","","","","","","","","","","","","","","","","","","","","","","","","","","","","","","","",0,0,0,0,0,0,0,0,0,0,0,0,0,0,0,0,0,0,0,0,0,0,0,0,0,0,0,0,0,0,0,0,0,0,0,0,0,0,0,0,0,0,0,0,0,0,0,10
"amazon fba shipment lost tracking",,,,,"United States","",,41,,"FORUM, REDDIT","informational, navigational","Missing words in title","AI Overview","","","","","","","","","","","","","","","","","","","","","","","","","","","","","","","","","","","","","","","","","","","","","","","","","","","","","","","","","","","","","","","","","","","","","","","","","","","","","","","","","","","",,,,,,,,,,,,,,,,,,,,,,,,,,,,,,,,,,,,,,,,,,,,,,,,
"selling handmade items online platform comparison",,,,,"United States","",,,,"","","","","","","","","","","","","","","","","","","","","","","","","","","","","","","","","","","","","","","","","","","","","","","","","","","","","","","","","","","","","","","","","","","","","","","","","","","","","","","","","","","","","","","",,,,,,,,,,,,,,,,,,,,,,,,,,,,,,,,,,,,,,,,,,,,,,,,
"cold email volume vs deliverability",,,,,"United States","",,,,"","","","","","","","","","","","","","","","","","","","","","","","","","","","","","","","","","","","","","","","","","","","","","","","","","","","","","","","","","","","","","","","","","","","","","","","","","","","","","","","","","","","","","","",,,,,,,,,,,,,,,,,,,,,,,,,,,,,,,,,,,,,,,,,,,,,,,,
"value of media placements for clients",,,,,"United States","",,,,"","","","","","","","","","","","","","","","","","","","","","","","","","","","","","","","","","","","","","","","","","","","","","","","","","","","","","","","","","","","","","","","","","","","","","","","","","","","","","","","","","","","","","","",,,,,,,,,,,,,,,,,,,,,,,,,,,,,,,,,,,,,,,,,,,,,,,,
"best scheduling tool for coaches",,,,,"United States","",,,,"","","","","","","","","","","","","","","","","","","","","","","","","","","","","","","","","","","","","","","","","","","","","","","","","","","","","","","","","","","","","","","","","","","","","","","","","","","","","","","","","","","","","","","",,,,,,,,,,,,,,,,,,,,,,,,,,,,,,,,,,,,,,,,,,,,,,,,
"traits of high performing consultant",,,,,"United States","",,,,"","","","","","","","","","","","","","","","","","","","","","","","","","","","","","","","","","","","","","","","","","","","","","","","","","","","","","","","","","","","","","","","","","","","","","","","","","","","","","","","","","","","","","","",,,,,,,,,,,,,,,,,,,,,,,,,,,,,,,,,,,,,,,,,,,,,,,,
"ai seo agency for product descriptions",,,,,"United States","",,,,"","","","","","","","","","","","","","","","","","","","","","","","","","","","","","","","","","","","","","","","","","","","","","","","","","","","","","","","","","","","","","","","","","","","","","","","","","","","","","","","","","","","","","","",,,,,,,,,,,,,,,,,,,,,,,,,,,,,,,,,,,,,,,,,,,,,,,,
"how to get llm link citations",,,,,"United States","",,,,"","","","","","","","","","","","","","","","","","","","","","","","","","","","","","","","","","","","","","","","","","","","","","","","","","","","","","","","","","","","","","","","","","","","","","","","","","","","","","","","","","","","","","","",,,,,,,,,,,,,,,,,,,,,,,,,,,,,,,,,,,,,,,,,,,,,,,,
"sql self join tutorial mental model",,,,,"United States","",,,,"","","","","","","","","","","","","","","","","","","","","","","","","","","","","","","","","","","","","","","","","","","","","","","","","","","","","","","","","","","","","","","","","","","","","","","","","","","","","","","","","","","","","","","",,,,,,,,,,,,,,,,,,,,,,,,,,,,,,,,,,,,,,,,,,,,,,,,
"cloudflare blocking gptbot seo impact",,,,,"United States","",,,,"","","","","","","","","","","","","","","","","","","","","","","","","","","","","","","","","","","","","","","","","","","","","","","","","","","","","","","","","","","","","","","","","","","","","","","","","","","","","","","","","","","","","","","",,,,,,,,,,,,,,,,,,,,,,,,,,,,,,,,,,,,,,,,,,,,,,,,
"buying backlinks da score risk",,,,,"United States","",,,,"","","","","","","","","","","","","","","","","","","","","","","","","","","","","","","","","","","","","","","","","","","","","","","","","","","","","","","","","","","","","","","","","","","","","","","","","","","","","","","","","","","","","","","",,,,,,,,,,,,,,,,,,,,,,,,,,,,,,,,,,,,,,,,,,,,,,,,
"best community for saas builders",,,,,"United States","",,,,"","","","","","","","","","","","","","","","","","","","","","","","","","","","","","","","","","","","","","","","","","","","","","","","","","","","","","","","","","","","","","","","","","","","","","","","","","","","","","","","","","","","","","","",,,,,,,,,,,,,,,,,,,,,,,,,,,,,,,,,,,,,,,,,,,,,,,,
"tips for growing small newsletter",,,,,"United States","",,,,"","","","","","","","","","","","","","","","","","","","","","","","","","","","","","","","","","","","","","","","","","","","","","","","","","","","","","","","","","","","","","","","","","","","","","","","","","","","","","","","","","","","","","","",,,,,,,,,,,,,,,,,,,,,,,,,,,,,,,,,,,,,,,,,,,,,,,,
"best social media to promote substack",,,,,"United States","",,,,"","","","","","","","","","","","","","","","","","","","","","","","","","","","","","","","","","","","","","","","","","","","","","","","","","","","","","","","","","","","","","","","","","","","","","","","","","","","","","","","","","","","","","","",,,,,,,,,,,,,,,,,,,,,,,,,,,,,,,,,,,,,,,,,,,,,,,,
"streaming tv vs paid social ads",,,,,"United States","",,,,"","","","","","","","","","","","","","","","","","","","","","","","","","","","","","","","","","","","","","","","","","","","","","","","","","","","","","","","","","","","","","","","","","","","","","","","","","","","","","","","","","","","","","","",,,,,,,,,,,,,,,,,,,,,,,,,,,,,,,,,,,,,,,,,,,,,,,,
"podcast guest release agreement template",,,,,"United States","",,,,"","","","","","","","","","","","","","","","","","","","","","","","","","","","","","","","","","","","","","","","","","","","","","","","","","","","","","","","","","","","","","","","","","","","","","","","","","","","","","","","","","","","","","","",,,,,,,,,,,,,,,,,,,,,,,,,,,,,,,,,,,,,,,,,,,,,,,,
"freelance recruiter daily workflow",,,,,"United States","",,,,"","","","","","","","","","","","","","","","","","","","","","","","","","","","","","","","","","","","","","","","","","","","","","","","","","","","","","","","","","","","","","","","","","","","","","","","","","","","","","","","","","","","","","","",,,,,,,,,,,,,,,,,,,,,,,,,,,,,,,,,,,,,,,,,,,,,,,,
"restaurant marketing on small budget",,,,,"United States","",,,,"","","","","","","","","","","","","","","","","","","","","","","","","","","","","","","","","","","","","","","","","","","","","","","","","","","","","","","","","","","","","","","","","","","","","","","","","","","","","","","","","","","","","","","",,,,,,,,,,,,,,,,,,,,,,,,,,,,,,,,,,,,,,,,,,,,,,,,
"ecommerce growth strategy 2026",,,,,"United States","",,,,"","","","","","","","","","","","","","","","","","","","","","","","","","","","","","","","","","","","","","","","","","","","","","","","","","","","","","","","","","","","","","","","","","","","","","","","","","","","","","","","","","","","","","","",,,,,,,,,,,,,,,,,,,,,,,,,,,,,,,,,,,,,,,,,,,,,,,,
"shopify alternatives ecommerce platforms",,,,,"United States","",,,,"","","","","","","","","","","","","","","","","","","","","","","","","","","","","","","","","","","","","","","","","","","","","","","","","","","","","","","","","","","","","","","","","","","","","","","","","","","","","","","","","","","","","","","",,,,,,,,,,,,,,,,,,,,,,,,,,,,,,,,,,,,,,,,,,,,,,,,
"how to batch create social content",,,,,"United States","",,,,"","","","","","","","","","","","","","","","","","","","","","","","","","","","","","","","","","","","","","","","","","","","","","","","","","","","","","","","","","","","","","","","","","","","","","","","","","","","","","","","","","","","","","","",,,,,,,,,,,,,,,,,,,,,,,,,,,,,,,,,,,,,,,,,,,,,,,,
"best multi platform social media management tool",,,,,"United States","",,,,"","","","","","","","","","","","","","","","","","","","","","","","","","","","","","","","","","","","","","","","","","","","","","","","","","","","","","","","","","","","","","","","","","","","","","","","","","","","","","","","","","","","","","","",,,,,,,,,,,,,,,,,,,,,,,,,,,,,,,,,,,,,,,,,,,,,,,,
"self hosting mistakes for beginners",,,,,"United States","",,,,"","","","","","","","","","","","","","","","","","","","","","","","","","","","","","","","","","","","","","","","","","","","","","","","","","","","","","","","","","","","","","","","","","","","","","","","","","","","","","","","","","","","","","","",,,,,,,,,,,,,,,,,,,,,,,,,,,,,,,,,,,,,,,,,,,,,,,,
"starting instagram from day 1 strategy",,,,,"United States","",,,,"","","","","","","","","","","","","","","","","","","","","","","","","","","","","","","","","","","","","","","","","","","","","","","","","","","","","","","","","","","","","","","","","","","","","","","","","","","","","","","","","","","","","","","",,,,,,,,,,,,,,,,,,,,,,,,,,,,,,,,,,,,,,,,,,,,,,,,
"when to llc youtube channel",,,,,"United States","",,,,"","","","","","","","","","","","","","","","","","","","","","","","","","","","","","","","","","","","","","","","","","","","","","","","","","","","","","","","","","","","","","","","","","","","","","","","","","","","","","","","","","","","","","","",,,,,,,,,,,,,,,,,,,,,,,,,,,,,,,,,,,,,,,,,,,,,,,,
"ai for ml research",,,,,"United States","",,,,"","","","","","","","","","","","","","","","","","","","","","","","","","","","","","","","","","","","","","","","","","","","","","","","","","","","","","","","","","","","","","","","","","","","","","","","","","","","","","","","","","","","","","","",,,,,,,,,,,,,,,,,,,,,,,,,,,,,,,,,,,,,,,,,,,,,,,,
"ai agent for api documentation",,,,,"United States","",,,,"","","","","","","","","","","","","","","","","","","","","","","","","","","","","","","","","","","","","","","","","","","","","","","","","","","","","","","","","","","","","","","","","","","","","","","","","","","","","","","","","","","","","","","",,,,,,,,,,,,,,,,,,,,,,,,,,,,,,,,,,,,,,,,,,,,,,,,
"ai cold email tool",,,,,"United States","",,36,,"LISTICLES, HOMEPAGES, REDDIT","","Missing words in title","","","","","","","","","","","","","","","","","","","","","","","","","","","","","","","","","","","","","","","","","","","","","","","","","","","","","","","","","","","","","","","","","","","","","","","","","","","","","","","","","","","","",,,,,,,,,,,,,,,,,,,,,,,,,,,,,,,,,,,,,,,,,,,,,,,,
"ai agent for unit testing",,,,,"United States","",,,,"","","","","","","","","","","","","","","","","","","","","","","","","","","","","","","","","","","","","","","","","","","","","","","","","","","","","","","","","","","","","","","","","","","","","","","","","","","","","","","","","","","","","","","",,,,,,,,,,,,,,,,,,,,,,,,,,,,,,,,,,,,,,,,,,,,,,,,
"content & writing ai agents",,,,,"United States","",,,,"","","","","","","","","","","","","","","","","","","","","","","","","","","","","","","","","","","","","","","","","","","","","","","","","","","","","","","","","","","","","","","","","","","","","","","","","","","","","","","","","","","","","","","",,,,,,,,,,,,,,,,,,,,,,,,,,,,,,,,,,,,,,,,,,,,,,,,
"tasks entrepreneurs can automate",,,,,"United States","",,,,"","","","","","","","","","","","","","","","","","","","","","","","","","","","","","","","","","","","","","","","","","","","","","","","","","","","","","","","","","","","","","","","","","","","","","","","","","","","","","","","","","","","","","","",,,,,,,,,,,,,,,,,,,,,,,,,,,,,,,,,,,,,,,,,,,,,,,,
"ai generated podcasts 2026",,,,,"United States","",,,,"","","","","","","","","","","","","","","","","","","","","","","","","","","","","","","","","","","","","","","","","","","","","","","","","","","","","","","","","","","","","","","","","","","","","","","","","","","","","","","","","","","","","","","",,,,,,,,,,,,,,,,,,,,,,,,,,,,,,,,,,,,,,,,,,,,,,,,
"how to build tiktok presence in 2026",,,,,"United States","",,,,"","","","","","","","","","","","","","","","","","","","","","","","","","","","","","","","","","","","","","","","","","","","","","","","","","","","","","","","","","","","","","","","","","","","","","","","","","","","","","","","","","","","","","","",,,,,,,,,,,,,,,,,,,,,,,,,,,,,,,,,,,,,,,,,,,,,,,,
"youtube video stolen on tiktok recovery",,,,,"United States","",,,,"","","","","","","","","","","","","","","","","","","","","","","","","","","","","","","","","","","","","","","","","","","","","","","","","","","","","","","","","","","","","","","","","","","","","","","","","","","","","","","","","","","","","","","",,,,,,,,,,,,,,,,,,,,,,,,,,,,,,,,,,,,,,,,,,,,,,,,
"youtuber pain points 2026",,,,,"United States","",,,,"","","","","","","","","","","","","","","","","","","","","","","","","","","","","","","","","","","","","","","","","","","","","","","","","","","","","","","","","","","","","","","","","","","","","","","","","","","","","","","","","","","","","","","",,,,,,,,,,,,,,,,,,,,,,,,,,,,,,,,,,,,,,,,,,,,,,,,
"cold email at million scale",,,,,"United States","",,,,"","","","","","","","","","","","","","","","","","","","","","","","","","","","","","","","","","","","","","","","","","","","","","","","","","","","","","","","","","","","","","","","","","","","","","","","","","","","","","","","","","","","","","","",,,,,,,,,,,,,,,,,,,,,,,,,,,,,,,,,,,,,,,,,,,,,,,,
"amazon vine review recovery",,,,,"United States","",,,,"","","","","","","","","","","","","","","","","","","","","","","","","","","","","","","","","","","","","","","","","","","","","","","","","","","","","","","","","","","","","","","","","","","","","","","","","","","","","","","","","","","","","","","",,,,,,,,,,,,,,,,,,,,,,,,,,,,,,,,,,,,,,,,,,,,,,,,
"consulting ex consultant clients",,,,,"United States","",,,,"","","","","","","","","","","","","","","","","","","","","","","","","","","","","","","","","","","","","","","","","","","","","","","","","","","","","","","","","","","","","","","","","","","","","","","","","","","","","","","","","","","","","","","",,,,,,,,,,,,,,,,,,,,,,,,,,,,,,,,,,,,,,,,,,,,,,,,
"data analysis early career mistakes",,,,,"United States","",,,,"","","","","","","","","","","","","","","","","","","","","","","","","","","","","","","","","","","","","","","","","","","","","","","","","","","","","","","","","","","","","","","","","","","","","","","","","","","","","","","","","","","","","","","",,,,,,,,,,,,,,,,,,,,,,,,,,,,,,,,,,,,,,,,,,,,,,,,
"financial advisor disengaged client management",,,,,"United States","",,,,"","","","","","","","","","","","","","","","","","","","","","","","","","","","","","","","","","","","","","","","","","","","","","","","","","","","","","","","","","","","","","","","","","","","","","","","","","","","","","","","","","","","","","","",,,,,,,,,,,,,,,,,,,,,,,,,,,,,,,,,,,,,,,,,,,,,,,,
"ai agent code analysis",,,,,"United States","",,,,"","","","","","","","","","","","","","","","","","","","","","","","","","","","","","","","","","","","","","","","","","","","","","","","","","","","","","","","","","","","","","","","","","","","","","","","","","","","","","","","","","","","","","","",,,,,,,,,,,,,,,,,,,,,,,,,,,,,,,,,,,,,,,,,,,,,,,,
"best ai agent code review",,,,,"United States","",,,,"","","","","","","","","","","","","","","","","","","","","","","","","","","","","","","","","","","","","","","","","","","","","","","","","","","","","","","","","","","","","","","","","","","","","","","","","","","","","","","","","","","","","","","",,,,,,,,,,,,,,,,,,,,,,,,,,,,,,,,,,,,,,,,,,,,,,,,
"build ai agent code review",,,,,"United States","",,,,"","","","","","","","","","","","","","","","","","","","","","","","","","","","","","","","","","","","","","","","","","","","","","","","","","","","","","","","","","","","","","","","","","","","","","","","","","","","","","","","","","","","","","","",,,,,,,,,,,,,,,,,,,,,,,,,,,,,,,,,,,,,,,,,,,,,,,,
"github ai agent code review",,,,,"United States","",,,,"","","","","","","","","","","","","","","","","","","","","","","","","","","","","","","","","","","","","","","","","","","","","","","","","","","","","","","","","","","","","","","","","","","","","","","","","","","","","","","","","","","","","","","",,,,,,,,,,,,,,,,,,,,,,,,,,,,,,,,,,,,,,,,,,,,,,,,
"ai agent code review gitlab",,,,,"United States","",,,,"","","","","","","","","","","","","","","","","","","","","","","","","","","","","","","","","","","","","","","","","","","","","","","","","","","","","","","","","","","","","","","","","","","","","","","","","","","","","","","","","","","","","","","",,,,,,,,,,,,,,,,,,,,,,,,,,,,,,,,,,,,,,,,,,,,,,,,
"ai agent code review prompt",,,,,"United States","",,,,"","","","","","","","","","","","","","","","","","","","","","","","","","","","","","","","","","","","","","","","","","","","","","","","","","","","","","","","","","","","","","","","","","","","","","","","","","","","","","","","","","","","","","","",,,,,,,,,,,,,,,,,,,,,,,,,,,,,,,,,,,,,,,,,,,,,,,,
"ai agent code review skill",,,,,"United States","",,,,"","","","","","","","","","","","","","","","","","","","","","","","","","","","","","","","","","","","","","","","","","","","","","","","","","","","","","","","","","","","","","","","","","","","","","","","","","","","","","","","","","","","","","","",,,,,,,,,,,,,,,,,,,,,,,,,,,,,,,,,,,,,,,,,,,,,,,,
"best ai agent code analysis",,,,,"United States","",,,,"","","","","","","","","","","","","","","","","","","","","","","","","","","","","","","","","","","","","","","","","","","","","","","","","","","","","","","","","","","","","","","","","","","","","","","","","","","","","","","","","","","","","","","",,,,,,,,,,,,,,,,,,,,,,,,,,,,,,,,,,,,,,,,,,,,,,,,
"bitbucket ai agent code review",,,,,"United States","",,,,"","","","","","","","","","","","","","","","","","","","","","","","","","","","","","","","","","","","","","","","","","","","","","","","","","","","","","","","","","","","","","","","","","","","","","","","","","","","","","","","","","","","","","","",,,,,,,,,,,,,,,,,,,,,,,,,,,,,,,,,,,,,,,,,,,,,,,,
"azure devops ai code review agent",,,,,"United States","",,,,"","","","","","","","","","","","","","","","","","","","","","","","","","","","","","","","","","","","","","","","","","","","","","","","","","","","","","","","","","","","","","","","","","","","","","","","","","","","","","","","","","","","","","","",,,,,,,,,,,,,,,,,,,,,,,,,,,,,,,,,,,,,,,,,,,,,,,,
"ai agent embedded code reviewer",,,,,"United States","",,,,"","","","","","","","","","","","","","","","","","","","","","","","","","","","","","","","","","","","","","","","","","","","","","","","","","","","","","","","","","","","","","","","","","","","","","","","","","","","","","","","","","","","","","","",,,,,,,,,,,,,,,,,,,,,,,,,,,,,,,,,,,,,,,,,,,,,,,,
"ai code review products",,,,,"United States","",,,,"","","","","","","","","","","","","","","","","","","","","","","","","","","","","","","","","","","","","","","","","","","","","","","","","","","","","","","","","","","","","","","","","","","","","","","","","","","","","","","","","","","","","","","",,,,,,,,,,,,,,,,,,,,,,,,,,,,,,,,,,,,,,,,,,,,,,,,
"ai code writer review",,,,,"United States","",,,,"","","","","","","","","","","","","","","","","","","","","","","","","","","","","","","","","","","","","","","","","","","","","","","","","","","","","","","","","","","","","","","","","","","","","","","","","","","","","","","","","","","","","","","",,,,,,,,,,,,,,,,,,,,,,,,,,,,,,,,,,,,,,,,,,,,,,,,
"free no code ai agent",,,,,"United States","",,,,"","","","","","","","","","","","","","","","","","","","","","","","","","","","","","","","","","","","","","","","","","","","","","","","","","","","","","","","","","","","","","","","","","","","","","","","","","","","","","","","","","","","","","","",,,,,,,,,,,,,,,,,,,,,,,,,,,,,,,,,,,,,,,,,,,,,,,,
"get reviews amazon products",,,,,"United States","",,,,"","","","","","","","","","","","","","","","","","","","","","","","","","","","","","","","","","","","","","","","","","","","","","","","","","","","","","","","","","","","","","","","","","","","","","","","","","","","","","","","","","","","","","","",,,,,,,,,,,,,,,,,,,,,,,,,,,,,,,,,,,,,,,,,,,,,,,,
"get amazon products free review",,,,,"United States","",,,,"","","","","","","","","","","","","","","","","","","","","","","","","","","","","","","","","","","","","","","","","","","","","","","","","","","","","","","","","","","","","","","","","","","","","","","","","","","","","","","","","","","","","","","",,,,,,,,,,,,,,,,,,,,,,,,,,,,,,,,,,,,,,,,,,,,,,,,
"get vine amazon review",,,,,"United States","",,,,"","","","","","","","","","","","","","","","","","","","","","","","","","","","","","","","","","","","","","","","","","","","","","","","","","","","","","","","","","","","","","","","","","","","","","","","","","","","","","","","","","","","","","","",,,,,,,,,,,,,,,,,,,,,,,,,,,,,,,,,,,,,,,,,,,,,,,,
"reviews become amazon vine",,,,,"United States","",,,,"","","","","","","","","","","","","","","","","","","","","","","","","","","","","","","","","","","","","","","","","","","","","","","","","","","","","","","","","","","","","","","","","","","","","","","","","","","","","","","","","","","","","","","",,,,,,,,,,,,,,,,,,,,,,,,,,,,,,,,,,,,,,,,,,,,,,,,
"get into amazon vine reddit",,,,,"United States","",,,,"","","","","","","","","","","","","","","","","","","","","","","","","","","","","","","","","","","","","","","","","","","","","","","","","","","","","","","","","","","","","","","","","","","","","","","","","","","","","","","","","","","","","","","",,,,,,,,,,,,,,,,,,,,,,,,,,,,,,,,,,,,,,,,,,,,,,,,
"apply amazon vine reviewer",,,,,"United States","",,,,"","","","","","","","","","","","","","","","","","","","","","","","","","","","","","","","","","","","","","","","","","","","","","","","","","","","","","","","","","","","","","","","","","","","","","","","","","","","","","","","","","","","","","","",,,,,,,,,,,,,,,,,,,,,,,,,,,,,,,,,,,,,,,,,,,,,,,,
"amazon fba shipment lost tracking process",,,,,"United States","",,,,"","","","","","","","","","","","","","","","","","","","","","","","","","","","","","","","","","","","","","","","","","","","","","","","","","","","","","","","","","","","","","","","","","","","","","","","","","","","","","","","","","","","","","","",,,,,,,,,,,,,,,,,,,,,,,,,,,,,,,,,,,,,,,,,,,,,,,,
"amazon fba shipment lost tracking inventory",,,,,"United States","",,,,"","","","","","","","","","","","","","","","","","","","","","","","","","","","","","","","","","","","","","","","","","","","","","","","","","","","","","","","","","","","","","","","","","","","","","","","","","","","","","","","","","","","","","","",,,,,,,,,,,,,,,,,,,,,,,,,,,,,,,,,,,,,,,,,,,,,,,,
"amazon tracking tba lost package",,,,,"United States","",,,,"","","","","","","","","","","","","","","","","","","","","","","","","","","","","","","","","","","","","","","","","","","","","","","","","","","","","","","","","","","","","","","","","","","","","","","","","","","","","","","","","","","","","","","",,,,,,,,,,,,,,,,,,,,,,,,,,,,,,,,,,,,,,,,,,,,,,,,
"amazon fba incorrect shipment",,,,,"United States","",,,,"","","","","","","","","","","","","","","","","","","","","","","","","","","","","","","","","","","","","","","","","","","","","","","","","","","","","","","","","","","","","","","","","","","","","","","","","","","","","","","","","","","","","","","",,,,,,,,,,,,,,,,,,,,,,,,,,,,,,,,,,,,,,,,,,,,,,,,
"amazon fba container tracking",,,,,"United States","",,,,"","","","","","","","","","","","","","","","","","","","","","","","","","","","","","","","","","","","","","","","","","","","","","","","","","","","","","","","","","","","","","","","","","","","","","","","","","","","","","","","","","","","","","","",,,,,,,,,,,,,,,,,,,,,,,,,,,,,,,,,,,,,,,,,,,,,,,,
"amazon delivery tba tracking",,,,,"United States","",,,,"","","","","","","","","","","","","","","","","","","","","","","","","","","","","","","","","","","","","","","","","","","","","","","","","","","","","","","","","","","","","","","","","","","","","","","","","","","","","","","","","","","","","","","",,,,,,,,,,,,,,,,,,,,,,,,,,,,,,,,,,,,,,,,,,,,,,,,
"ship fba items amazon",,,,,"United States","",,,,"","","","","","","","","","","","","","","","","","","","","","","","","","","","","","","","","","","","","","","","","","","","","","","","","","","","","","","","","","","","","","","","","","","","","","","","","","","","","","","","","","","","","","","",,,,,,,,,,,,,,,,,,,,,,,,,,,,,,,,,,,,,,,,,,,,,,,,
"amazon fba shipping warehouse",,,,,"United States","",,,,"","","","","","","","","","","","","","","","","","","","","","","","","","","","","","","","","","","","","","","","","","","","","","","","","","","","","","","","","","","","","","","","","","","","","","","","","","","","","","","","","","","","","","","",,,,,,,,,,,,,,,,,,,,,,,,,,,,,,,,,,,,,,,,,,,,,,,,
"amazon shipping costs fba",,,,,"United States","",,,,"","","","","","","","","","","","","","","","","","","","","","","","","","","","","","","","","","","","","","","","","","","","","","","","","","","","","","","","","","","","","","","","","","","","","","","","","","","","","","","","","","","","","","","",,,,,,,,,,,,,,,,,,,,,,,,,,,,,,,,,,,,,,,,,,,,,,,,
"selling handmade items online platform",,,,,"United States","",,,,"","","","","","","","","","","","","","","","","","","","","","","","","","","","","","","","","","","","","","","","","","","","","","","","","","","","","","","","","","","","","","","","","","","","","","","","","","","","","","","","","","","","","","","",,,,,,,,,,,,,,,,,,,,,,,,,,,,,,,,,,,,,,,,,,,,,,,,
"cold email follow up metrics",,,,,"United States","",,,,"","","","","","","","","","","","","","","","","","","","","","","","","","","","","","","","","","","","","","","","","","","","","","","","","","","","","","","","","","","","","","","","","","","","","","","","","","","","","","","","","","","","","","","",,,,,,,,,,,,,,,,,,,,,,,,,,,,,,,,,,,,,,,,,,,,,,,,
"intelligent email marketing metrics",,,,,"United States","",,,,"","","","","","","","","","","","","","","","","","","","","","","","","","","","","","","","","","","","","","","","","","","","","","","","","","","","","","","","","","","","","","","","","","","","","","","","","","","","","","","","","","","","","","","",,,,,,,,,,,,,,,,,,,,,,,,,,,,,,,,,,,,,,,,,,,,,,,,
"cold emails get responses",,,,,"United States","",,,,"","","","","","","","","","","","","","","","","","","","","","","","","","","","","","","","","","","","","","","","","","","","","","","","","","","","","","","","","","","","","","","","","","","","","","","","","","","","","","","","","","","","","","","",,,,,,,,,,,,,,,,,,,,,,,,,,,,,,,,,,,,,,,,,,,,,,,,
"email deliverability system comparison",,,,,"United States","",,,,"","","","","","","","","","","","","","","","","","","","","","","","","","","","","","","","","","","","","","","","","","","","","","","","","","","","","","","","","","","","","","","","","","","","","","","","","","","","","","","","","","","","","","","",,,,,,,,,,,,,,,,,,,,,,,,,,,,,,,,,,,,,,,,,,,,,,,,
"email deliverability system review",,,,,"United States","",,,,"","","","","","","","","","","","","","","","","","","","","","","","","","","","","","","","","","","","","","","","","","","","","","","","","","","","","","","","","","","","","","","","","","","","","","","","","","","","","","","","","","","","","","","",,,,,,,,,,,,,,,,,,,,,,,,,,,,,,,,,,,,,,,,,,,,,,,,
"email deliverability companies comparison",,,,,"United States","",,,,"","","","","","","","","","","","","","","","","","","","","","","","","","","","","","","","","","","","","","","","","","","","","","","","","","","","","","","","","","","","","","","","","","","","","","","","","","","","","","","","","","","","","","","",,,,,,,,,,,,,,,,,,,,,,,,,,,,,,,,,,,,,,,,,,,,,,,,
"email deliverability programs comparison",,,,,"United States","",,,,"","","","","","","","","","","","","","","","","","","","","","","","","","","","","","","","","","","","","","","","","","","","","","","","","","","","","","","","","","","","","","","","","","","","","","","","","","","","","","","","","","","","","","","",,,,,,,,,,,,,,,,,,,,,,,,,,,,,,,,,,,,,,,,,,,,,,,,
"email deliverability software comparison",,,,,"United States","",,,,"","","","","","","","","","","","","","","","","","","","","","","","","","","","","","","","","","","","","","","","","","","","","","","","","","","","","","","","","","","","","","","","","","","","","","","","","","","","","","","","","","","","","","","",,,,,,,,,,,,,,,,,,,,,,,,,,,,,,,,,,,,,,,,,,,,,,,,
"email deliverability system overview",,,,,"United States","",,,,"","","","","","","","","","","","","","","","","","","","","","","","","","","","","","","","","","","","","","","","","","","","","","","","","","","","","","","","","","","","","","","","","","","","","","","","","","","","","","","","","","","","","","","",,,,,,,,,,,,,,,,,,,,,,,,,,,,,,,,,,,,,,,,,,,,,,,,
"email deliverability software reviews",,,,,"United States","",,,,"","","","","","","","","","","","","","","","","","","","","","","","","","","","","","","","","","","","","","","","","","","","","","","","","","","","","","","","","","","","","","","","","","","","","","","","","","","","","","","","","","","","","","","",,,,,,,,,,,,,,,,,,,,,,,,,,,,,,,,,,,,,,,,,,,,,,,,
"improve email deliverability rates",,,,,"United States","",,,,"","","","","","","","","","","","","","","","","","","","","","","","","","","","","","","","","","","","","","","","","","","","","","","","","","","","","","","","","","","","","","","","","","","","","","","","","","","","","","","","","","","","","","","",,,,,,,,,,,,,,,,,,,,,,,,,,,,,,,,,,,,,,,,,,,,,,,,
"best email deliverability guide",,,,,"United States","",,,,"","","","","","","","","","","","","","","","","","","","","","","","","","","","","","","","","","","","","","","","","","","","","","","","","","","","","","","","","","","","","","","","","","","","","","","","","","","","","","","","","","","","","","","",,,,,,,,,,,,,,,,,,,,,,,,,,,,,,,,,,,,,,,,,,,,,,,,
"email deliverability programs reviews",,,,,"United States","",,,,"","","","","","","","","","","","","","","","","","","","","","","","","","","","","","","","","","","","","","","","","","","","","","","","","","","","","","","","","","","","","","","","","","","","","","","","","","","","","","","","","","","","","","","",,,,,,,,,,,,,,,,,,,,,,,,,,,,,,,,,,,,,,,,,,,,,,,,
"email deliverability companies reviews",,,,,"United States","",,,,"","","","","","","","","","","","","","","","","","","","","","","","","","","","","","","","","","","","","","","","","","","","","","","","","","","","","","","","","","","","","","","","","","","","","","","","","","","","","","","","","","","","","","","",,,,,,,,,,,,,,,,,,,,,,,,,,,,,,,,,,,,,,,,,,,,,,,,
"ai agent for pr review",,,,,"United States","",,,,"","","","","","","","","","","","","","","","","","","","","","","","","","","","","","","","","","","","","","","","","","","","","","","","","","","","","","","","","","","","","","","","","","","","","","","","","","","","","","","","","","","","","","","",,,,,,,,,,,,,,,,,,,,,,,,,,,,,,,,,,,,,,,,,,,,,,,,
"ai agent for product research",,,,,"United States","",,,,"","","","","","","","","","","","","","","","","","","","","","","","","","","","","","","","","","","","","","","","","","","","","","","","","","","","","","","","","","","","","","","","","","","","","","","","","","","","","","","","","","","","","","","",,,,,,,,,,,,,,,,,,,,,,,,,,,,,,,,,,,,,,,,,,,,,,,,
"ai agent for programmers",,,,,"United States","",,,,"","","","","","","","","","","","","","","","","","","","","","","","","","","","","","","","","","","","","","","","","","","","","","","","","","","","","","","","","","","","","","","","","","","","","","","","","","","","","","","","","","","","","","","",,,,,,,,,,,,,,,,,,,,,,,,,,,,,,,,,,,,,,,,,,,,,,,,
"ai agents for prospecting",,,,,"United States","",,,,"","","","","","","","","","","","","","","","","","","","","","","","","","","","","","","","","","","","","","","","","","","","","","","","","","","","","","","","","","","","","","","","","","","","","","","","","","","","","","","","","","","","","","","",,,,,,,,,,,,,,,,,,,,,,,,,,,,,,,,,,,,,,,,,,,,,,,,
"pr professionals ai usage",,,,,"United States","",,,,"","","","","","","","","","","","","","","","","","","","","","","","","","","","","","","","","","","","","","","","","","","","","","","","","","","","","","","","","","","","","","","","","","","","","","","","","","","","","","","","","","","","","","","",,,,,,,,,,,,,,,,,,,,,,,,,,,,,,,,,,,,,,,,,,,,,,,,
"ai agent for network",,,,,"United States","",,,,"","","","","","","","","","","","","","","","","","","","","","","","","","","","","","","","","","","","","","","","","","","","","","","","","","","","","","","","","","","","","","","","","","","","","","","","","","","","","","","","","","","","","","","",,,,,,,,,,,,,,,,,,,,,,,,,,,,,,,,,,,,,,,,,,,,,,,,
"media placements for clients",,,,,"United States","",,,,"","","","","","","","","","","","","","","","","","","","","","","","","","","","","","","","","","","","","","","","","","","","","","","","","","","","","","","","","","","","","","","","","","","","","","","","","","","","","","","","","","","","","","","",,,,,,,,,,,,,,,,,,,,,,,,,,,,,,,,,,,,,,,,,,,,,,,,
"reasons for placement media",,,,,"United States","",,,,"","","","","","","","","","","","","","","","","","","","","","","","","","","","","","","","","","","","","","","","","","","","","","","","","","","","","","","","","","","","","","","","","","","","","","","","","","","","","","","","","","","","","","","",,,,,,,,,,,,,,,,,,,,,,,,,,,,,,,,,,,,,,,,,,,,,,,,
"local media placement businesses cost",,,,,"United States","",,,,"","","","","","","","","","","","","","","","","","","","","","","","","","","","","","","","","","","","","","","","","","","","","","","","","","","","","","","","","","","","","","","","","","","","","","","","","","","","","","","","","","","","","","","",,,,,,,,,,,,,,,,,,,,,,,,,,,,,,,,,,,,,,,,,,,,,,,,
"media placement advertising",,,,,"United States","",,,,"","","","","","","","","","","","","","","","","","","","","","","","","","","","","","","","","","","","","","","","","","","","","","","","","","","","","","","","","","","","","","","","","","","","","","","","","","","","","","","","","","","","","","","",,,,,,,,,,,,,,,,,,,,,,,,,,,,,,,,,,,,,,,,,,,,,,,,
"local media placement business reputation",,,,,"United States","",,,,"","","","","","","","","","","","","","","","","","","","","","","","","","","","","","","","","","","","","","","","","","","","","","","","","","","","","","","","","","","","","","","","","","","","","","","","","","","","","","","","","","","","","","","",,,,,,,,,,,,,,,,,,,,,,,,,,,,,,,,,,,,,,,,,,,,,,,,
"local media placement business reviews",,,,,"United States","",,,,"","","","","","","","","","","","","","","","","","","","","","","","","","","","","","","","","","","","","","","","","","","","","","","","","","","","","","","","","","","","","","","","","","","","","","","","","","","","","","","","","","","","","","","",,,,,,,,,,,,,,,,,,,,,,,,,,,,,,,,,,,,,,,,,,,,,,,,
"local media placement business examples",,,,,"United States","",,,,"","","","","","","","","","","","","","","","","","","","","","","","","","","","","","","","","","","","","","","","","","","","","","","","","","","","","","","","","","","","","","","","","","","","","","","","","","","","","","","","","","","","","","","",,,,,,,,,,,,,,,,,,,,,,,,,,,,,,,,,,,,,,,,,,,,,,,,
"product placement media role",,,,,"United States","",,,,"","","","","","","","","","","","","","","","","","","","","","","","","","","","","","","","","","","","","","","","","","","","","","","","","","","","","","","","","","","","","","","","","","","","","","","","","","","","","","","","","","","","","","","",,,,,,,,,,,,,,,,,,,,,,,,,,,,,,,,,,,,,,,,,,,,,,,,
"local media placement business benefits",,,,,"United States","",,,,"","","","","","","","","","","","","","","","","","","","","","","","","","","","","","","","","","","","","","","","","","","","","","","","","","","","","","","","","","","","","","","","","","","","","","","","","","","","","","","","","","","","","","","",,,,,,,,,,,,,,,,,,,,,,,,,,,,,,,,,,,,,,,,,,,,,,,,
"local media placement business branding",,,,,"United States","",,,,"","","","","","","","","","","","","","","","","","","","","","","","","","","","","","","","","","","","","","","","","","","","","","","","","","","","","","","","","","","","","","","","","","","","","","","","","","","","","","","","","","","","","","","",,,,,,,,,,,,,,,,,,,,,,,,,,,,,,,,,,,,,,,,,,,,,,,,
"best business coaching software",,,,,"United States","",,,,"","","","","","","","","","","","","","","","","","","","","","","","","","","","","","","","","","","","","","","","","","","","","","","","","","","","","","","","","","","","","","","","","","","","","","","","","","","","","","","","","","","","","","","",,,,,,,,,,,,,,,,,,,,,,,,,,,,,,,,,,,,,,,,,,,,,,,,
"best executive coaching certification uk",,,,,"United States","",,,,"","","","","","","","","","","","","","","","","","","","","","","","","","","","","","","","","","","","","","","","","","","","","","","","","","","","","","","","","","","","","","","","","","","","","","","","","","","","","","","","","","","","","","","",,,,,,,,,,,,,,,,,,,,,,,,,,,,,,,,,,,,,,,,,,,,,,,,
"best executive coaching certification canada",,,,,"United States","",,,,"","","","","","","","","","","","","","","","","","","","","","","","","","","","","","","","","","","","","","","","","","","","","","","","","","","","","","","","","","","","","","","","","","","","","","","","","","","","","","","","","","","","","","","",,,,,,,,,,,,,,,,,,,,,,,,,,,,,,,,,,,,,,,,,,,,,,,,
"best business coaching programs small businesses",,,,,"United States","",,,,"","","","","","","","","","","","","","","","","","","","","","","","","","","","","","","","","","","","","","","","","","","","","","","","","","","","","","","","","","","","","","","","","","","","","","","","","","","","","","","","","","","","","","","",,,,,,,,,,,,,,,,,,,,,,,,,,,,,,,,,,,,,,,,,,,,,,,,
"business coaching program reviews",,,,,"United States","",,,,"","","","","","","","","","","","","","","","","","","","","","","","","","","","","","","","","","","","","","","","","","","","","","","","","","","","","","","","","","","","","","","","","","","","","","","","","","","","","","","","","","","","","","","",,,,,,,,,,,,,,,,,,,,,,,,,,,,,,,,,,,,,,,,,,,,,,,,
"business coaching programs online",,,,,"United States","",,,,"","","","","","","","","","","","","","","","","","","","","","","","","","","","","","","","","","","","","","","","","","","","","","","","","","","","","","","","","","","","","","","","","","","","","","","","","","","","","","","","","","","","","","","",,,,,,,,,,,,,,,,,,,,,,,,,,,,,,,,,,,,,,,,,,,,,,,,
"business coaching programs managers",,,,,"United States","",,,,"","","","","","","","","","","","","","","","","","","","","","","","","","","","","","","","","","","","","","","","","","","","","","","","","","","","","","","","","","","","","","","","","","","","","","","","","","","","","","","","","","","","","","","",,,,,,,,,,,,,,,,,,,,,,,,,,,,,,,,,,,,,,,,,,,,,,,,
"business coaching programs leaders",,,,,"United States","",,,,"","","","","","","","","","","","","","","","","","","","","","","","","","","","","","","","","","","","","","","","","","","","","","","","","","","","","","","","","","","","","","","","","","","","","","","","","","","","","","","","","","","","","","","",,,,,,,,,,,,,,,,,,,,,,,,,,,,,,,,,,,,,,,,,,,,,,,,
"business coaching program examples",,,,,"United States","",,,,"","","","","","","","","","","","","","","","","","","","","","","","","","","","","","","","","","","","","","","","","","","","","","","","","","","","","","","","","","","","","","","","","","","","","","","","","","","","","","","","","","","","","","","",,,,,,,,,,,,,,,,,,,,,,,,,,,,,,,,,,,,,,,,,,,,,,,,
"schools business coaching",,,,,"United States","",,,,"","","","","","","","","","","","","","","","","","","","","","","","","","","","","","","","","","","","","","","","","","","","","","","","","","","","","","","","","","","","","","","","","","","","","","","","","","","","","","","","","","","","","","","",,,,,,,,,,,,,,,,,,,,,,,,,,,,,,,,,,,,,,,,,,,,,,,,
"business coach program online",,,,,"United States","",,,,"","","","","","","","","","","","","","","","","","","","","","","","","","","","","","","","","","","","","","","","","","","","","","","","","","","","","","","","","","","","","","","","","","","","","","","","","","","","","","","","","","","","","","","",,,,,,,,,,,,,,,,,,,,,,,,,,,,,,,,,,,,,,,,,,,,,,,,
"business coaching programs executives",,,,,"United States","",,,,"","","","","","","","","","","","","","","","","","","","","","","","","","","","","","","","","","","","","","","","","","","","","","","","","","","","","","","","","","","","","","","","","","","","","","","","","","","","","","","","","","","","","","","",,,,,,,,,,,,,,,,,,,,,,,,,,,,,,,,,,,,,,,,,,,,,,,,
"business coaching programs certification",,,,,"United States","",,,,"","","","","","","","","","","","","","","","","","","","","","","","","","","","","","","","","","","","","","","","","","","","","","","","","","","","","","","","","","","","","","","","","","","","","","","","","","","","","","","","","","","","","","","",,,,,,,,,,,,,,,,,,,,,,,,,,,,,,,,,,,,,,,,,,,,,,,,
"best scheduling app for trainers",,,,,"United States","",,,,"","","","","","","","","","","","","","","","","","","","","","","","","","","","","","","","","","","","","","","","","","","","","","","","","","","","","","","","","","","","","","","","","","","","","","","","","","","","","","","","","","","","","","","",,,,,,,,,,,,,,,,,,,,,,,,,,,,,,,,,,,,,,,,,,,,,,,,
"best scheduling app for life coaches",,,,,"United States","",,,,"","","","","","","","","","","","","","","","","","","","","","","","","","","","","","","","","","","","","","","","","","","","","","","","","","","","","","","","","","","","","","","","","","","","","","","","","","","","","","","","","","","","","","","",,,,,,,,,,,,,,,,,,,,,,,,,,,,,,,,,,,,,,,,,,,,,,,,
"best team scheduling tools",,,,,"United States","",,,,"","","","","","","","","","","","","","","","","","","","","","","","","","","","","","","","","","","","","","","","","","","","","","","","","","","","","","","","","","","","","","","","","","","","","","","","","","","","","","","","","","","","","","","",,,,,,,,,,,,,,,,,,,,,,,,,,,,,,,,,,,,,,,,,,,,,,,,
"best powerpoint add ins consultants",,,,,"United States","",,,,"","","","","","","","","","","","","","","","","","","","","","","","","","","","","","","","","","","","","","","","","","","","","","","","","","","","","","","","","","","","","","","","","","","","","","","","","","","","","","","","","","","","","","","",,,,,,,,,,,,,,,,,,,,,,,,,,,,,,,,,,,,,,,,,,,,,,,,
"powerpoint consultancy services",,,,,"United States","",,,,"","","","","","","","","","","","","","","","","","","","","","","","","","","","","","","","","","","","","","","","","","","","","","","","","","","","","","","","","","","","","","","","","","","","","","","","","","","","","","","","","","","","","","","",,,,,,,,,,,,,,,,,,,,,,,,,,,,,,,,,,,,,,,,,,,,,,,,
"high performing consultants traits",,,,,"United States","",,,,"","","","","","","","","","","","","","","","","","","","","","","","","","","","","","","","","","","","","","","","","","","","","","","","","","","","","","","","","","","","","","","","","","","","","","","","","","","","","","","","","","","","","","","",,,,,,,,,,,,,,,,,,,,,,,,,,,,,,,,,,,,,,,,,,,,,,,,
"successful consultants traits",,,,,"United States","",,,,"","","","","","","","","","","","","","","","","","","","","","","","","","","","","","","","","","","","","","","","","","","","","","","","","","","","","","","","","","","","","","","","","","","","","","","","","","","","","","","","","","","","","","","",,,,,,,,,,,,,,,,,,,,,,,,,,,,,,,,,,,,,,,,,,,,,,,,